"Archivo","Decision","AporteGitHub","AporteLocal","Evaluacion"
"CHANGELOG.md","Integrado o adaptado sobre main","Historial publicado conservado","Descripción de cambios locales","Se añaden notas sin publicar; no se reescriben releases"
"README.md","Integrado o adaptado sobre main","Instalación, organización y referencias más completas","Introducción más corta que todavía destaca 1.0.0","Se conserva profundidad de main y se precisa PHP mínimo 8.1.9 para Opis 4"
"composer.json","Integrado o adaptado sobre main","Dependencia original de Opis","Dependencia Laravel Serializable Closure","Se descarta cambiar de proveedor; actualizado Opis a ^4.3 y PHP mínimo a ^8.1.9"
"composer.lock","Integrado o adaptado sobre main","Lock de la configuración de main","Lock de la migración comprobada a Laravel","Instalada Opis 4.5.0 y retirada Laravel; auditoría sin vulnerabilidades notificadas"
"config/defaults.php","Integrado o adaptado sobre main","Fuente única del límite multimedia y controles SEO individuales","Configuración del límite opcional de correo","No se recupera la clave multimedia residual ni la retirada de controles SEO"
"docs/actualizaciones.md","Conservado main","Cobertura documental añadida o ampliada en la referencia de main","Se conserva su aporte solo cuando mejora la referencia vigente","Sin empeoramiento específico demostrado en esta comparación"
"docs/alerts.md","Conservado main","Cobertura documental añadida o ampliada en la referencia de main","Se conserva su aporte solo cuando mejora la referencia vigente","Sin empeoramiento específico demostrado en esta comparación"
"docs/aos.md","Conservado main","Cobertura documental añadida o ampliada en la referencia de main","Se conserva su aporte solo cuando mejora la referencia vigente","Sin empeoramiento específico demostrado en esta comparación"
"docs/api-access.md","Conservado main","Cobertura documental añadida o ampliada en la referencia de main","Se conserva su aporte solo cuando mejora la referencia vigente","Sin empeoramiento específico demostrado en esta comparación"
"docs/async.md","Integrado o adaptado sobre main","Flujo, transporte, plataformas y límites más desarrollados","Serialización Laravel y migración entre formatos","Se conserva profundidad de main; documentada Opis 4 y lectura de tareas de Opis 3, sin adoptar Laravel"
"docs/autenticacion.md","Conservado main","Cobertura documental añadida o ampliada en la referencia de main","Se conserva su aporte solo cuando mejora la referencia vigente","Sin empeoramiento específico demostrado en esta comparación"
"docs/autoload-proyecto.md","Conservado main","Cobertura documental añadida o ampliada en la referencia de main","Se conserva su aporte solo cuando mejora la referencia vigente","Sin empeoramiento específico demostrado en esta comparación"
"docs/chartjs.md","Conservado main","Cobertura documental añadida o ampliada en la referencia de main","Se conserva su aporte solo cuando mejora la referencia vigente","Sin empeoramiento específico demostrado en esta comparación"
"docs/coloris.md","Conservado main","Cobertura documental añadida o ampliada en la referencia de main","Se conserva su aporte solo cuando mejora la referencia vigente","Sin empeoramiento específico demostrado en esta comparación"
"docs/comandos.md","Conservado main","Cobertura documental añadida o ampliada en la referencia de main","Se conserva su aporte solo cuando mejora la referencia vigente","Sin empeoramiento específico demostrado en esta comparación"
"docs/dependencias-frontend.md","Conservado main","Cobertura documental añadida o ampliada en la referencia de main","Se conserva su aporte solo cuando mejora la referencia vigente","Sin empeoramiento específico demostrado en esta comparación"
"docs/dependencias.md","Integrado o adaptado sobre main","Política de dependencias más amplia","Dependencia Laravel para Async","Se conserva main y se actualiza Opis; la sustitución local por Laravel no se adopta"
"docs/encryption.md","Conservado main","Cobertura documental añadida o ampliada en la referencia de main","Se conserva su aporte solo cuando mejora la referencia vigente","Sin empeoramiento específico demostrado en esta comparación"
"docs/estilos-comunes.md","Conservado main","Cobertura documental añadida o ampliada en la referencia de main","Se conserva su aporte solo cuando mejora la referencia vigente","Sin empeoramiento específico demostrado en esta comparación"
"docs/extensibilidad.md","Conservado main","Cobertura documental añadida o ampliada en la referencia de main","Se conserva su aporte solo cuando mejora la referencia vigente","Sin empeoramiento específico demostrado en esta comparación"
"docs/flatpickr.md","Conservado main","Cobertura documental añadida o ampliada en la referencia de main","Se conserva su aporte solo cuando mejora la referencia vigente","Sin empeoramiento específico demostrado en esta comparación"
"docs/footer.md","Integrado o adaptado sobre main","Cobertura de áreas, recursos y diagnóstico más amplia","Referencia cruzada a la composición de vistas","Ambas versiones tenían una descripción imprecisa de actualización gestionada; corregida"
"docs/gf-table.md","Conservado main","Cobertura documental añadida o ampliada en la referencia de main","Se conserva su aporte solo cuando mejora la referencia vigente","Sin empeoramiento específico demostrado en esta comparación"
"docs/gfselect.md","Conservado main","Cobertura documental añadida o ampliada en la referencia de main","Se conserva su aporte solo cuando mejora la referencia vigente","Sin empeoramiento específico demostrado en esta comparación"
"docs/guia-desarrollo.md","Conservado main","Cobertura documental añadida o ampliada en la referencia de main","Se conserva su aporte solo cuando mejora la referencia vigente","Sin empeoramiento específico demostrado en esta comparación"
"docs/hallazgos-integracion.md","Integrado o adaptado sobre main","Cobertura documental añadida o ampliada en la referencia de main","Se conserva su aporte solo cuando mejora la referencia vigente","Sin empeoramiento específico demostrado en esta comparación"
"docs/heartbeat-client.md","Conservado main","Cobertura documental añadida o ampliada en la referencia de main","Se conserva su aporte solo cuando mejora la referencia vigente","Sin empeoramiento específico demostrado en esta comparación"
"docs/helpers-php.md","Integrado o adaptado sobre main","Cobertura documental añadida o ampliada en la referencia de main","Se conserva su aporte solo cuando mejora la referencia vigente","Sin empeoramiento específico demostrado en esta comparación"
"docs/helpers.md","Conservado main","Cobertura documental añadida o ampliada en la referencia de main","Se conserva su aporte solo cuando mejora la referencia vigente","Sin empeoramiento específico demostrado en esta comparación"
"docs/html2canvas.md","Conservado main","Cobertura documental añadida o ampliada en la referencia de main","Se conserva su aporte solo cuando mejora la referencia vigente","Sin empeoramiento específico demostrado en esta comparación"
"docs/http-client.md","Conservado main","Cobertura documental añadida o ampliada en la referencia de main","Se conserva su aporte solo cuando mejora la referencia vigente","Sin empeoramiento específico demostrado en esta comparación"
"docs/identidad-autorizacion.md","Conservado main","Cobertura documental añadida o ampliada en la referencia de main","Se conserva su aporte solo cuando mejora la referencia vigente","Sin empeoramiento específico demostrado en esta comparación"
"docs/index.md","Integrado o adaptado sobre main","Índice organizado por tareas y cobertura más amplia","Índice más corto","Se conserva main y se hacen visibles Header, Menús y Sanitización"
"docs/instalacion-local.md","Conservado main","Cobertura documental añadida o ampliada en la referencia de main","Se conserva su aporte solo cuando mejora la referencia vigente","Sin empeoramiento específico demostrado en esta comparación"
"docs/intl-tel-input.md","Conservado main","Cobertura documental añadida o ampliada en la referencia de main","Se conserva su aporte solo cuando mejora la referencia vigente","Sin empeoramiento específico demostrado en esta comparación"
"docs/inventario-modulos.md","Conservado main","Cobertura documental añadida o ampliada en la referencia de main","Se conserva su aporte solo cuando mejora la referencia vigente","Sin empeoramiento específico demostrado en esta comparación"
"docs/jquery-ui.md","Conservado main","Cobertura documental añadida o ampliada en la referencia de main","Se conserva su aporte solo cuando mejora la referencia vigente","Sin empeoramiento específico demostrado en esta comparación"
"docs/jquery.md","Conservado main","Cobertura documental añadida o ampliada en la referencia de main","Se conserva su aporte solo cuando mejora la referencia vigente","Sin empeoramiento específico demostrado en esta comparación"
"docs/json-ld.md","Integrado o adaptado sobre main","Referencia más amplia de tipos y contratos","Seis metas completas comprobadas por pruebas","Menos ejemplos completos frente al local; se conservan en guía complementaria"
"docs/limpieza.md","Conservado main","Cobertura documental añadida o ampliada en la referencia de main","Se conserva su aporte solo cuando mejora la referencia vigente","Sin empeoramiento específico demostrado en esta comparación"
"docs/luxon.md","Conservado main","Cobertura documental añadida o ampliada en la referencia de main","Se conserva su aporte solo cuando mejora la referencia vigente","Sin empeoramiento específico demostrado en esta comparación"
"docs/mail.md","Integrado o adaptado sobre main","Referencia del servicio existente y sus límites","Contrato comprobado del antispam y nueva serialización","Se actualiza para el runtime integrado; ausencia anterior no era afirmación incorrecta"
"docs/meta.md","Conservado main","Cobertura documental añadida o ampliada en la referencia de main","Se conserva su aporte solo cuando mejora la referencia vigente","Sin empeoramiento específico demostrado en esta comparación"
"docs/modulos-en-aplicacion.md","Conservado main","Cobertura documental añadida o ampliada en la referencia de main","Se conserva su aporte solo cuando mejora la referencia vigente","Sin empeoramiento específico demostrado en esta comparación"
"docs/modulos-opcionales.md","Conservado main","Cobertura documental añadida o ampliada en la referencia de main","Se conserva su aporte solo cuando mejora la referencia vigente","Sin empeoramiento específico demostrado en esta comparación"
"docs/modulos-runtime.md","Conservado main","Cobertura documental añadida o ampliada en la referencia de main","Se conserva su aporte solo cuando mejora la referencia vigente","Sin empeoramiento específico demostrado en esta comparación"
"docs/navegacion-publica.md","Conservado main","Cobertura documental añadida o ampliada en la referencia de main","Se conserva su aporte solo cuando mejora la referencia vigente","Sin empeoramiento específico demostrado en esta comparación"
"docs/notification-campaigns.md","Conservado main","Cobertura documental añadida o ampliada en la referencia de main","Se conserva su aporte solo cuando mejora la referencia vigente","Sin empeoramiento específico demostrado en esta comparación"
"docs/notifications-email.md","Conservado main","Cobertura documental añadida o ampliada en la referencia de main","Se conserva su aporte solo cuando mejora la referencia vigente","Sin empeoramiento específico demostrado en esta comparación"
"docs/owl-carousel.md","Conservado main","Cobertura documental añadida o ampliada en la referencia de main","Se conserva su aporte solo cuando mejora la referencia vigente","Sin empeoramiento específico demostrado en esta comparación"
"docs/panel-administrativo.md","Conservado main","Cobertura documental añadida o ampliada en la referencia de main","Se conserva su aporte solo cuando mejora la referencia vigente","Sin empeoramiento específico demostrado en esta comparación"
"docs/paquetes-visuales.md","Conservado main","Cobertura documental añadida o ampliada en la referencia de main","Se conserva su aporte solo cuando mejora la referencia vigente","Sin empeoramiento específico demostrado en esta comparación"
"docs/perfiles-instalacion.md","Conservado main","Cobertura documental añadida o ampliada en la referencia de main","Se conserva su aporte solo cuando mejora la referencia vigente","Sin empeoramiento específico demostrado en esta comparación"
"docs/preparacion-0.9.0.md","Conservado main","Cobertura documental añadida o ampliada en la referencia de main","Se conserva su aporte solo cuando mejora la referencia vigente","Sin empeoramiento específico demostrado en esta comparación"
"docs/primer-proyecto.md","Conservado main","Cobertura documental añadida o ampliada en la referencia de main","Se conserva su aporte solo cuando mejora la referencia vigente","Sin empeoramiento específico demostrado en esta comparación"
"docs/procesos-segundo-plano.md","Conservado main","Cobertura documental añadida o ampliada en la referencia de main","Se conserva su aporte solo cuando mejora la referencia vigente","Sin empeoramiento específico demostrado en esta comparación"
"docs/purecounter.md","Conservado main","Cobertura documental añadida o ampliada en la referencia de main","Se conserva su aporte solo cuando mejora la referencia vigente","Sin empeoramiento específico demostrado en esta comparación"
"docs/reconstruccion-documentacion.md","Integrado o adaptado sobre main","Cobertura documental añadida o ampliada en la referencia de main","Se conserva su aporte solo cuando mejora la referencia vigente","Sin empeoramiento específico demostrado en esta comparación"
"docs/render.md","Integrado o adaptado sobre main","Referencia de Render conservada","Enlace útil a Vistas","Se añade enlace y guías nuevas sin reducir main"
"docs/respuestas.md","Conservado main","Cobertura documental añadida o ampliada en la referencia de main","Se conserva su aporte solo cuando mejora la referencia vigente","Sin empeoramiento específico demostrado en esta comparación"
"docs/seo.md","Integrado o adaptado sobre main","Cobertura documental añadida o ampliada en la referencia de main","Se conserva su aporte solo cuando mejora la referencia vigente","Sin empeoramiento específico demostrado en esta comparación"
"docs/servidores-web.md","Integrado o adaptado sobre main","Nginx, comprobaciones y referencias ampliadas","Controlador frontal y pasos de Apache más claros","Se añaden las explicaciones locales sin perder cobertura de main"
"docs/skills.md","Conservado main","Cobertura documental añadida o ampliada en la referencia de main","Se conserva su aporte solo cuando mejora la referencia vigente","Sin empeoramiento específico demostrado en esta comparación"
"docs/sweetalert2.md","Conservado main","Cobertura documental añadida o ampliada en la referencia de main","Se conserva su aporte solo cuando mejora la referencia vigente","Sin empeoramiento específico demostrado en esta comparación"
"docs/swiper.md","Conservado main","Cobertura documental añadida o ampliada en la referencia de main","Se conserva su aporte solo cuando mejora la referencia vigente","Sin empeoramiento específico demostrado en esta comparación"
"docs/tinymce.md","Conservado main","Cobertura documental añadida o ampliada en la referencia de main","Se conserva su aporte solo cuando mejora la referencia vigente","Sin empeoramiento específico demostrado en esta comparación"
"docs/tutorial-productos.md","Conservado main","Cobertura documental añadida o ampliada en la referencia de main","Se conserva su aporte solo cuando mejora la referencia vigente","Sin empeoramiento específico demostrado en esta comparación"
"docs/user-admin.md","Conservado main","Cobertura documental añadida o ampliada en la referencia de main","Se conserva su aporte solo cuando mejora la referencia vigente","Sin empeoramiento específico demostrado en esta comparación"
"docs/venobox.md","Conservado main","Cobertura documental añadida o ampliada en la referencia de main","Se conserva su aporte solo cuando mejora la referencia vigente","Sin empeoramiento específico demostrado en esta comparación"
"docs/versionado.md","Conservado main","Cobertura documental añadida o ampliada en la referencia de main","Se conserva su aporte solo cuando mejora la referencia vigente","Sin empeoramiento específico demostrado en esta comparación"
"docs/vistas.md","Conservado main","Cobertura documental añadida o ampliada en la referencia de main","Se conserva su aporte solo cuando mejora la referencia vigente","Sin empeoramiento específico demostrado en esta comparación"
"maintenance/README.md","Integrado o adaptado sobre main","Trazabilidad y registros de la unificación","Snapshots locales conservados en la rama original","Registro histórico, no cambio de comportamiento"
"maintenance/auditoria-main-unificada.md","Conservado main","Trazabilidad y registros de la unificación","Snapshots locales conservados en la rama original","Registro histórico, no cambio de comportamiento"
"maintenance/auditoria-reconstruccion-final.md","Conservado main","Trazabilidad y registros de la unificación","Snapshots locales conservados en la rama original","Registro histórico, no cambio de comportamiento"
"maintenance/capability-map.md","Conservado main","Trazabilidad y registros de la unificación","Snapshots locales conservados en la rama original","Registro histórico, no cambio de comportamiento"
"maintenance/integracion-auditoria-exclusivos.md","Conservado main","Trazabilidad y registros de la unificación","Snapshots locales conservados en la rama original","Registro histórico, no cambio de comportamiento"
"maintenance/plan-documentacion.md","Conservado main","Trazabilidad y registros de la unificación","Snapshots locales conservados en la rama original","Registro histórico, no cambio de comportamiento"
"maintenance/revision-documentacion.md","Conservado main","Trazabilidad y registros de la unificación","Snapshots locales conservados en la rama original","Registro histórico, no cambio de comportamiento"
"maintenance/unificacion-ramas.md","Conservado main","Trazabilidad y registros de la unificación","Snapshots locales conservados en la rama original","Registro histórico, no cambio de comportamiento"
"resources/modules/admin-panel/application/app/views/templates/admin.meta.php","Recuperado local intacto","Metadatos existentes del módulo","Retirada de robots redundantes de metas","La política efectiva sigue perteneciendo a rutas y protección"
"resources/modules/auth-ui/application/app/views/auth-ui/auth-ui.group.meta.php","Recuperado local intacto","Metadatos existentes del módulo","Retirada de robots redundantes de metas","La política efectiva sigue perteneciendo a rutas y protección"
"resources/modules/auth-ui/application/routes/routes_auth.php","Recuperado local intacto","Rutas de acceso existentes","Noindex explícito en cinco rutas","Recuperado local"
"resources/modules/error-pages/application/app/views/error-pages/error-pages.group.meta.php","Recuperado local intacto","Metadatos existentes del módulo","Retirada de robots redundantes de metas","La política efectiva sigue perteneciendo a rutas y protección"
"resources/modules/media-library/application/app/views/media-library/media-library.group.meta.php","Recuperado local intacto","Metadatos existentes del módulo","Retirada de robots redundantes de metas","La política efectiva sigue perteneciendo a rutas y protección"
"resources/modules/notifications/application/app/views/notifications/notifications.group.meta.php","Recuperado local intacto","Metadatos existentes del módulo","Retirada de robots redundantes de metas","La política efectiva sigue perteneciendo a rutas y protección"
"resources/modules/self-account/application/app/views/self-account/self-account.group.meta.php","Recuperado local intacto","Metadatos existentes del módulo","Retirada de robots redundantes de metas","La política efectiva sigue perteneciendo a rutas y protección"
"resources/modules/user-admin/application/app/views/user-admin/user-admin.group.meta.php","Recuperado local intacto","Metadatos existentes del módulo","Retirada de robots redundantes de metas","La política efectiva sigue perteneciendo a rutas y protección"
"resources/skeleton/.env.example","Recuperado local intacto","Referencia de main conservada","Versión original permanece disponible","Sin empeoramiento específico demostrado"
"resources/skeleton/config/routes/routes_system.php","Conservado main","Registro coherente con los flags de cada endpoint","Política común y Robots incondicional","No se recupera Robots incondicional: ignoraría su configuración"
"resources/skeleton/install.php","Conservado main","Opciones existentes del instalador","Retirada de opciones individuales","Sin mejora demostrada de esa retirada; se conserva main"
"skills/gframe-backend/SKILL.md","Recuperado local intacto","Contratos backend existentes","Contrato del límite opcional para correo público","Recuperado local"
"skills/gframe-core-architecture/references/view-meta-render.md","Integrado o adaptado sobre main","Contrato de páginas protegidas","Política SEO común","Adaptada a conservar interruptores y alcance legacy de main"
"skills/gframe-framework-maintenance/SKILL.md","Recuperado local intacto","Flujo general","Changelog reservado a cambios relevantes y no a ajustes editoriales","Recuperada precisión local"
"skills/gframe-framework-maintenance/references/documentation-and-skills.md","Recuperado local intacto","Convenciones generales","Separación de uso e historia y verificación de ejemplos","Recuperada orientación local"
"skills/gframe-framework-maintenance/references/repository-workflow.md","Recuperado local intacto","Flujo anterior de mantenimiento","Corrección de nginx.conf en la raíz y responsabilidades del servidor","El local refleja mejor la ubicación real del fragmento"
"skills/gframe-frontend-public/references/public-template-and-assets.md","Conservado main","Contrato genérico de recursos y navegación","Regla de drawer que cita Dane y Base Confías","No se impone al framework sin contexto; conservada en rama original"
"src/GFrame/Auth/AuthModel.php","Conservado main","Caducidad del token de verificación antes de activar la cuenta","La versión local no incluía esa corrección","El local es peor en este contrato; se conserva main"
"src/GFrame/Config/LegacyConfigBridge.php","Conservado main","Deriva flags e interruptores individuales","Simplificación que ignora los interruptores","Se conserva main; copiar el local rompería controles documentados"
"src/GFrame/Install/ProjectConfigWriter.php","Integrado o adaptado sobre main","Configuración completa de SEO generada","Variables MAIL_RATE_LIMIT del entorno","Solo se recuperan variables de correo; no se eliminan controles SEO"
"src/GFrame/Install/ProjectInstaller.php","Conservado main","Valores por perfil y controles individuales","Retirada de valores SEO individuales","Sin mejora demostrada de esa retirada; se conserva main"
"src/GFrame/Mail/MailRateLimiter.php","Recuperado local intacto","Este archivo no figuraba en main","Ventana móvil, bloqueo concurrente y liberación ante fallos","Recuperado con pruebas"
"src/GFrame/Mail/MailService.php","Recuperado local intacto","Contrato de envío existente","Protección opcional antispam con limpieza de opciones antes del worker","Adelanto local faltante en main, no regresión histórica demostrada"
"src/GFrame/Seo/SeoPolicy.php","Integrado o adaptado sobre main","Filtros modernos distribuidos entre componentes","Política compartida para tipos, protección, errores y áreas privadas","Integrada conservando alcance legacy e interruptores de main"
"src/async/Async.php","Recuperado local intacto","Ejecutor y lanzamiento de procesos conservados","Comentario coherente con la nueva librería de serialización","Sin retroceso adicional demostrado"
"src/async/ClosureWrapper.php","Integrado o adaptado sobre main","Conserva el contrato anterior con Opis 3.7","Laravel Serializable Closure sin el aviso reproducido en PHP 8.1","Se mantiene Opis; adaptado a funciones de versión 4 con lectura compatible de tareas de versión 3"
"src/database/ORM_GUIDE.md","Conservado main","Rutas src/database y configuración actual","Rutas core/database y config/Config.php antiguas","El local era peor por rutas y configuración desactualizadas"
"src/render/Meta.php","Integrado o adaptado sobre main","Noindex global/de ruta y JSON-LD desactivable sin script vacío","Política común, rutas privadas/de error y eliminación de robots redundantes","La copia local entera perdería la protección contra script vacío; combinación selectiva"
"src/routing/Router.php","Recuperado local intacto","Router existente","Nuevo routeParams.uri con el patrón declarado","Adelanto local que faltaba en main, no regresión histórica demostrada"
"src/seo/JsonLD.php","Conservado main","Conserva cero y false; normaliza ofertas, rating y nodos","La versión local no incluía las correcciones del renderer","El local perdería correcciones de main"
"src/seo/Llms.php","Integrado o adaptado sobre main","Exclusiones modernas, legacy y flags de endpoints","Política común, tipo web y áreas privadas","Local original ignoraba flags; se recupera su política sin perderlos"
"src/seo/Robots.php","Integrado o adaptado sobre main","No anuncia Sitemap desactivado","Bloqueo global mediante la política común","Local original perdería la condición de Sitemap; combinación selectiva"
"src/seo/SCHEMA_GUIDE.md","Integrado o adaptado sobre main","Estructura interna y rutas actuales","Explica recursión, pero contiene rutas antiguas y búsqueda ficticia","Nota de main sobre no recursión era incorrecta; se corrige sin copiar errores locales"
"src/seo/SchemaComposer.php","Conservado main","Presets recursivos, ciclos, búsqueda explícita y arreglo vacío","Otra implementación recursiva, pero vuelve a inventar búsqueda","SearchAction automático sería un retroceso local"
"src/seo/Sitemap.php","Integrado o adaptado sobre main","Exclusiones modernas y protección por permisos/middleware","Política común y filtrado de áreas internas y errores","Local adaptado para conservar controles de endpoint y alcance legacy"
"src/seo/schema.presets.php","Integrado o adaptado sobre main","Tipo explícito de SaaS y catálogo con news_article y tech_article","FAQ como complemento sin imponer WebPage","En main FAQ podía sustituir el tipo principal al combinar presets; corregido"
"tests/AsyncTest.php","Integrado o adaptado sobre main","Se mantienen las pruebas existentes de main","Cobertura local de ejemplos o comportamiento","Ampliada para Opis 4: datos capturados, tareas reales de Opis 3 y ejecución entre procesos"
"tests/AuthVerificationTokenTest.php","Conservado main","Prueba de main conservada para su contrato corregido","No se sustituye por la versión local anterior","Sin regresión de cobertura seleccionada"
"tests/AuthenticationDocumentationTest.php","Recuperado local intacto","Se mantienen las pruebas existentes de main","Cobertura local de ejemplos o comportamiento; adaptada cuando corresponde","Recuperada tras ejecución contra el código integrado"
"tests/ConfigurationDefaultsTest.php","Conservado main","Prueba de main conservada para su contrato corregido","No se sustituye por la versión local anterior","Sin regresión de cobertura seleccionada"
"tests/CoreUtilitiesDocumentationTest.php","Recuperado local intacto","Se mantienen las pruebas existentes de main","Cobertura local de ejemplos o comportamiento; adaptada cuando corresponde","Recuperada tras ejecución contra el código integrado"
"tests/DocumentationLinksTest.php","Conservado main","Permite ampliar ejemplos y verifica enlaces/anclas","Recuento exacto de cuatro ejemplos","Se conserva main: ampliar una guía no debe fallar por el número exacto"
"tests/DocumentationTest.php","Conservado en la rama original; no trasladado","Comprobaciones existentes de enlaces y cobertura","Comprobación adicional con reglas editoriales estrictas","Parte duplica pruebas o exige retirar historia; se conserva en rama original"
"tests/FrameworkSmokeTest.php","Integrado o adaptado sobre main","Se mantienen las pruebas existentes de main","Cobertura local de ejemplos o comportamiento","Adaptada para comprobar las funciones públicas de Opis 4 y serialización de tareas"
"tests/InstallerHttpTest.php","Conservado main","Prueba de main conservada para su contrato corregido","No se sustituye por la versión local anterior","Sin regresión de cobertura seleccionada"
"tests/JsonLdDocumentationTest.php","Integrado o adaptado sobre main","Se mantienen las pruebas existentes de main","Cobertura local de ejemplos o comportamiento; adaptada cuando corresponde","Recuperada tras ejecución contra el código integrado"
"tests/JsonLdTest.php","Conservado main","Prueba de main conservada para su contrato corregido","No se sustituye por la versión local anterior","Sin regresión de cobertura seleccionada"
"tests/LanguageDocumentationTest.php","Recuperado local intacto","Se mantienen las pruebas existentes de main","Cobertura local de ejemplos o comportamiento; adaptada cuando corresponde","Recuperada tras ejecución contra el código integrado"
"tests/MailRateLimiterTest.php","Recuperado local intacto","Se mantienen las pruebas existentes de main","Cobertura local de ejemplos o comportamiento; adaptada cuando corresponde","Recuperada tras ejecución contra el código integrado"
"tests/MediaDocumentationTest.php","Recuperado local intacto","Se mantienen las pruebas existentes de main","Cobertura local de ejemplos o comportamiento; adaptada cuando corresponde","Recuperada tras ejecución contra el código integrado"
"tests/MetaSeoTest.php","Conservado main","Prueba de main conservada para su contrato corregido","No se sustituye por la versión local anterior","Sin regresión de cobertura seleccionada"
"tests/MiddlewareDocumentationTest.php","Recuperado local intacto","Se mantienen las pruebas existentes de main","Cobertura local de ejemplos o comportamiento; adaptada cuando corresponde","Recuperada tras ejecución contra el código integrado"
"tests/NotificationDocumentationTest.php","Recuperado local intacto","Se mantienen las pruebas existentes de main","Cobertura local de ejemplos o comportamiento; adaptada cuando corresponde","Recuperada tras ejecución contra el código integrado"
"tests/OrmDocumentationTest.php","Recuperado local intacto","Se mantienen las pruebas existentes de main","Cobertura local de ejemplos o comportamiento; adaptada cuando corresponde","Recuperada tras ejecución contra el código integrado"
"tests/PermissionsDocumentationTest.php","Recuperado local intacto","Se mantienen las pruebas existentes de main","Cobertura local de ejemplos o comportamiento; adaptada cuando corresponde","Recuperada tras ejecución contra el código integrado"
"tests/RenderDocumentationTest.php","Recuperado local intacto","Se mantienen las pruebas existentes de main","Cobertura local de ejemplos o comportamiento; adaptada cuando corresponde","Recuperada tras ejecución contra el código integrado"
"tests/ResponseDocumentationTest.php","Conservado main","Verifica los ejemplos con un mínimo de cobertura","Recuento exacto de tres ejemplos","Se conserva main: el recuento rígido no mejora el contrato"
"tests/SchemaJsonLdRuntimeTest.php","Conservado main","Prueba de main conservada para su contrato corregido","No se sustituye por la versión local anterior","Sin regresión de cobertura seleccionada"
"tests/SchemaPresetResolutionTest.php","Integrado o adaptado sobre main","Se mantienen las pruebas existentes de main","Cobertura local de ejemplos o comportamiento; adaptada cuando corresponde","Recuperada tras ejecución contra el código integrado"
"tests/SeoIndexabilityTest.php","Conservado main","Prueba de main conservada para su contrato corregido","No se sustituye por la versión local anterior","Sin regresión de cobertura seleccionada"
"tests/SeoPolicyTest.php","Integrado o adaptado sobre main","Se mantienen las pruebas existentes de main","Cobertura local de ejemplos o comportamiento; adaptada cuando corresponde","Recuperada tras ejecución contra el código integrado"
"tests/SessionDocumentationTest.php","Recuperado local intacto","Se mantienen las pruebas existentes de main","Cobertura local de ejemplos o comportamiento; adaptada cuando corresponde","Recuperada tras ejecución contra el código integrado"
"tests/fixtures/meta-project/app/views/home/homeAbout.php","Recuperado local intacto","Se mantienen las pruebas existentes de main","Cobertura local de ejemplos o comportamiento; adaptada cuando corresponde","Recuperada tras ejecución contra el código integrado"
